/*
Navicat MySQL Data Transfer

Source Server         : localhost_3306
Source Server Version : 50130
Source Host           : localhost:3306
Source Database       : transaction

Target Server Type    : MYSQL
Target Server Version : 50130
File Encoding         : 65001

Date: 2016-03-22 14:12:05
*/

SET FOREIGN_KEY_CHECKS=0;

-- ----------------------------
-- Table structure for admin
-- ----------------------------
DROP TABLE IF EXISTS `admin`;
CREATE TABLE `admin` (
  `adminId` char(32) NOT NULL,
  `adminName` varchar(32) DEFAULT NULL,
  `password` varchar(32) DEFAULT NULL,
  PRIMARY KEY (`adminId`)
) ENGINE=InnoDB DEFAULT CHARSET=utf8;

-- ----------------------------
-- Records of admin
-- ----------------------------
INSERT INTO `admin` VALUES ('2', '王俊', '12345678');

-- ----------------------------
-- Table structure for cart
-- ----------------------------
DROP TABLE IF EXISTS `cart`;
CREATE TABLE `cart` (
  `cartId` char(32) NOT NULL,
  `userId` char(32) DEFAULT NULL,
  `goodsId` char(32) DEFAULT NULL,
  `quantity` int(10) DEFAULT NULL,
  PRIMARY KEY (`cartId`),
  KEY `userId` (`userId`),
  KEY `goodsId` (`goodsId`),
  CONSTRAINT `cart_ibfk_1` FOREIGN KEY (`userId`) REFERENCES `user` (`uid`),
  CONSTRAINT `cart_ibfk_2` FOREIGN KEY (`goodsId`) REFERENCES `goods` (`goodsId`)
) ENGINE=InnoDB DEFAULT CHARSET=utf8;

-- ----------------------------
-- Records of cart
-- ----------------------------
INSERT INTO `cart` VALUES ('35C93EE899A14B80BFC88B0A39ACAF43', '420854A825D14C3F93DEB725567A48A1', 'D9F9554424804465898939FE46EC5B4D', '1');
INSERT INTO `cart` VALUES ('47FAB3054FE24F87BD7021B72CEA5E83', '420854A825D14C3F93DEB725567A48A1', '13FBF28E608D438286CA35F1B1543FE6', '1');
INSERT INTO `cart` VALUES ('6FFB0B76769F4BAF8DA494A9B20A8D7D', '5B5215596F8E4899AB48620749DDFCEC', '40BAAC5ABC7A43D8947B9C919D614041', '1');
INSERT INTO `cart` VALUES ('8C88045831274C6CB6B6F11B9E47ABFE', '420854A825D14C3F93DEB725567A48A1', 'CA07FE50868B4012BC279676614904FB', '2');
INSERT INTO `cart` VALUES ('9C1863039DFD4CDE9C61DBC0B34647EF', 'ECA7FF703F714239B7EBF786F42A4259', '3EB228B679B241629FDE2660F33A3A33', '0');
INSERT INTO `cart` VALUES ('9C2174311DE643C09DC9947E9C9331F6', '5B5215596F8E4899AB48620749DDFCEC', '247B6BC71A9C4088901B779045B3208B', '3');
INSERT INTO `cart` VALUES ('9ECE976648C0452F93AC442600772C3E', '7D3CBCF7050F42A0AF89B15971B706DA', '3EB228B679B241629FDE2660F33A3A33', '2');
INSERT INTO `cart` VALUES ('A4DE284FD9644BD5AFB0CCCBB5D968CD', '420854A825D14C3F93DEB725567A48A1', '6DDBE656E4DF43E1826274ABC81D2BB4', '3');
INSERT INTO `cart` VALUES ('B81A7BAA5E0748E985FB0EAEDE644E3C', 'CC3D214642044972A9A359057DC419F4', 'C0798D40DF08414AAF7A17B2BCCF701D', '2');
INSERT INTO `cart` VALUES ('EC8B36F34FB548ADA9333D19F7D51FAA', 'CC3D214642044972A9A359057DC419F4', 'D616D99946034BEEA39C6863674ADF9F', '1');
INSERT INTO `cart` VALUES ('F161237B7E7E485E8B7BA54D7C596C19', '420854A825D14C3F93DEB725567A48A1', '0AB19F7FF39746B3BCC07B42D7910EBB', '2');
INSERT INTO `cart` VALUES ('F91D475E321D4A6A9CD8D49301DD60FE', 'ECA7FF703F714239B7EBF786F42A4259', '45E82964C6EB49EF8D334EEBD59CCEE2', '0');
INSERT INTO `cart` VALUES ('FB84725087A440A8B432835906405C1A', 'ECA7FF703F714239B7EBF786F42A4259', '13FBF28E608D438286CA35F1B1543FE6', '0');

-- ----------------------------
-- Table structure for category
-- ----------------------------
DROP TABLE IF EXISTS `category`;
CREATE TABLE `category` (
  `categoryId` char(32) NOT NULL,
  `categoryName` varchar(50) DEFAULT NULL,
  `pid` char(32) DEFAULT NULL,
  `describe` varchar(100) DEFAULT NULL,
  PRIMARY KEY (`categoryId`),
  KEY `pid` (`pid`),
  CONSTRAINT `category_ibfk_1` FOREIGN KEY (`pid`) REFERENCES `category` (`categoryId`)
) ENGINE=InnoDB DEFAULT CHARSET=utf8;

-- ----------------------------
-- Records of category
-- ----------------------------
INSERT INTO `category` VALUES ('0314B672D8094E0C838493B238B082D3', '图书', null, '读书破万卷');
INSERT INTO `category` VALUES ('151AB1CA93344553B53D30EE79E91E68', '联想', 'AC858755D7324EDA803E9F37B4799FEF', '联想未来');
INSERT INTO `category` VALUES ('1CE0EE58811B44078F33BBA540DAE2B1', '体育', '0314B672D8094E0C838493B238B082D3', 'English');
INSERT INTO `category` VALUES ('427EE6DF2F7547AC8853E691C24471B3', '自行车', null, '传说中的二轮');
INSERT INTO `category` VALUES ('52069996FFCC481C9AE3831DBBDF521A', '奔驰', '427EE6DF2F7547AC8853E691C24471B3', '我就是这么叼，不要问我为什么');
INSERT INTO `category` VALUES ('62F756CDCA0B47369C80921E19215EF0', '文具', 'AB927DF77D2149C7813970348CA593C0', '写好字，用好文具');
INSERT INTO `category` VALUES ('6BB4C3A0F7594667B7B0CFC63D18115E', '体育', 'AB927DF77D2149C7813970348CA593C0', '身体健康，身心棒棒');
INSERT INTO `category` VALUES ('7A5BB6CEC69D4B1B88F7DC7ACB7BE1F0', 'Dv', 'F804C4DCB93E48C69FE1A4B3CC9120B2', '好片');
INSERT INTO `category` VALUES ('833A7D1403024EB8ADA0A50B5737E7E6', '宝马', '427EE6DF2F7547AC8853E691C24471B3', '宝马是我，我是宝马');
INSERT INTO `category` VALUES ('AB927DF77D2149C7813970348CA593C0', '文体用具', null, '写字，运动少不了');
INSERT INTO `category` VALUES ('AC858755D7324EDA803E9F37B4799FEF', 'compute', null, '好电脑');
INSERT INTO `category` VALUES ('E77B357DCB294F709EF106C51EF6081C', '阅读', '0314B672D8094E0C838493B238B082D3', '长见识');
INSERT INTO `category` VALUES ('F804C4DCB93E48C69FE1A4B3CC9120B2', '音像', null, '我就是爱音乐，别叫我停下来');

-- ----------------------------
-- Table structure for goods
-- ----------------------------
DROP TABLE IF EXISTS `goods`;
CREATE TABLE `goods` (
  `goodsId` varchar(32) NOT NULL,
  `goodsName` varchar(255) NOT NULL,
  `goodsPrice` decimal(10,0) NOT NULL,
  `goodsDescribe` varchar(255) NOT NULL,
  `onSaleTime` varchar(255) NOT NULL,
  `degree` varchar(255) NOT NULL,
  `categoryId` varchar(255) NOT NULL,
  `pictureTop` varchar(255) NOT NULL,
  `userId` varchar(32) NOT NULL,
  `pictureBottom` varchar(64) DEFAULT NULL,
  `pictureLeft` varchar(64) DEFAULT NULL,
  `pictureRight` varchar(64) DEFAULT NULL,
  PRIMARY KEY (`goodsId`),
  KEY `categoryId` (`categoryId`),
  KEY `userId` (`userId`),
  CONSTRAINT `goods_ibfk_1` FOREIGN KEY (`categoryId`) REFERENCES `category` (`categoryId`),
  CONSTRAINT `goods_ibfk_2` FOREIGN KEY (`userId`) REFERENCES `user` (`uid`)
) ENGINE=InnoDB DEFAULT CHARSET=utf8;

-- ----------------------------
-- Records of goods
-- ----------------------------
INSERT INTO `goods` VALUES ('0AB19F7FF39746B3BCC07B42D7910EBB', '一个人的朝圣 ', '22', '台湾上市20天，狂卖10万册，台湾读者表示“很久没有读一本书读到凌晨”、“是一个简单、素朴但会令人深深感动的故事”、“是一本阖上书后对于人生启发与感触良多的佳作”。', '2013年9月 ', '七成新', 'E77B357DCB294F709EF106C51EF6081C', '0AB19F7FF39746B3BCC07B42D7910EBB_top.jpg', '7D3CBCF7050F42A0AF89B15971B706DA', '0AB19F7FF39746B3BCC07B42D7910EBB_bottom.jpg', '0AB19F7FF39746B3BCC07B42D7910EBB_left.jpg', '0AB19F7FF39746B3BCC07B42D7910EBB_right.jpg');
INSERT INTO `goods` VALUES ('13FBF28E608D438286CA35F1B1543FE6', '努力，才配有未来', '19', '犀利小川叔点醒迷茫的你 ,百万粉丝犀利叔小川珍藏精华正能量暖心文章随笔集，成长路上的必备指路书。', '2015年7月 ', '5成新', 'E77B357DCB294F709EF106C51EF6081C', '13FBF28E608D438286CA35F1B1543FE6_top.jpg', '6FBBEE133E95445E84377DBD2AE3521E', '13FBF28E608D438286CA35F1B1543FE6_bottom.jpg', '13FBF28E608D438286CA35F1B1543FE6_left.jpg', '13FBF28E608D438286CA35F1B1543FE6_right.jpg');
INSERT INTO `goods` VALUES ('189D219FFEB04366BC93C4F9F07F8B4C', '阿弥陀佛么么哒', '23', '上市3个月，狂销80万册，百万畅销书作家大冰2015新作', '2015年8月', '8成新', 'E77B357DCB294F709EF106C51EF6081C', '189D219FFEB04366BC93C4F9F07F8B4C_top.jpg', '7D3CBCF7050F42A0AF89B15971B706DA', '189D219FFEB04366BC93C4F9F07F8B4C_bottom.jpg', '189D219FFEB04366BC93C4F9F07F8B4C_left.jpg', '189D219FFEB04366BC93C4F9F07F8B4C_right.jpg');
INSERT INTO `goods` VALUES ('247B6BC71A9C4088901B779045B3208B', '尼泊尔很美 ', '19', '当当独家版随书附赠七张作者亲笔签名照片书签，全彩精致装帧,一辆巴士，七位作者，十五天游历，呈现不同风貌的尼泊尔。', '2014年11月', '6成新', 'E77B357DCB294F709EF106C51EF6081C', '247B6BC71A9C4088901B779045B3208B_top.jpg', '83CEB992943A438CA40AE768270F16F3', '247B6BC71A9C4088901B779045B3208B_bottom.jpg', '247B6BC71A9C4088901B779045B3208B_left.jpg', '247B6BC71A9C4088901B779045B3208B_right.jpg');
INSERT INTO `goods` VALUES ('273888A6672D4902BA2C2DFD87D923D0', '罗马假日', '33', ' 奥斯卡电影 罗马假日 正版DVD9 奥黛丽·赫本 中英双语 中英字幕', '2015-5-28', '6成新', '7A5BB6CEC69D4B1B88F7DC7ACB7BE1F0', '273888A6672D4902BA2C2DFD87D923D0_top.jpg', 'CBEB126885A44CE4A2E8618B0ECD88AB', '273888A6672D4902BA2C2DFD87D923D0_bottom.jpg', '273888A6672D4902BA2C2DFD87D923D0_left.jpg', '273888A6672D4902BA2C2DFD87D923D0_right.jpg');
INSERT INTO `goods` VALUES ('301EBF129834465089D316D9EEE71398', '1984 ', '16', '阿道司赫胥黎序，村上春树、王小波、钱钟书集体致敬!颇具影响力的政治预言，世界文学中的道德力量；一代人的冷峻良知，现代文明噩梦中的自由希望。多一个人读奥威尔，就多了一份自由的保障！', '2013年11月', '5成新', 'E77B357DCB294F709EF106C51EF6081C', '301EBF129834465089D316D9EEE71398_top.jpg', 'ECA7FF703F714239B7EBF786F42A4259', '301EBF129834465089D316D9EEE71398_bottom.jpg', '301EBF129834465089D316D9EEE71398_left.jpg', '301EBF129834465089D316D9EEE71398_right.jpg');
INSERT INTO `goods` VALUES ('3800F1C346B04902A561D684F480AE0D', '霍乱时期的爱情', '37', '马尔克斯“爱情百科全书”，首次完整翻译！', '2015年6月', '7成新', 'E77B357DCB294F709EF106C51EF6081C', '3800F1C346B04902A561D684F480AE0D_top.jpg', 'B2763E8024C546029AB940DDEE5750D1', '3800F1C346B04902A561D684F480AE0D_bottom.jpg', '3800F1C346B04902A561D684F480AE0D_left.jpg', '3800F1C346B04902A561D684F480AE0D_right.jpg');
INSERT INTO `goods` VALUES ('3EB228B679B241629FDE2660F33A3A33', '岛上书店, 21.0', '0', '现象级全球畅销书！一年之内畅销美英德法日等25国！2014感动全球千万读者的阳光治愈小说！美国独立书商选书第1名！美国图书馆推荐阅读第1名！每个人的生命中，都有超艰难的那一年，将人生变得美好而辽阔', '2015年5月', '8成新', 'E77B357DCB294F709EF106C51EF6081C', '3EB228B679B241629FDE2660F33A3A33_top.jpg', 'CC3D214642044972A9A359057DC419F4', '3EB228B679B241629FDE2660F33A3A33_bottom.jpg', '3EB228B679B241629FDE2660F33A3A33_left.jpg', '3EB228B679B241629FDE2660F33A3A33_right.jpg');
INSERT INTO `goods` VALUES ('40BAAC5ABC7A43D8947B9C919D614041', '人山人海里，你不必记得我', '20', '金浩森首本个人图文随笔写真集 全彩精装 私密旅行日记', '2015年10月 ', '9成新', 'E77B357DCB294F709EF106C51EF6081C', '40BAAC5ABC7A43D8947B9C919D614041_top.jpg', '6FBBEE133E95445E84377DBD2AE3521E', '40BAAC5ABC7A43D8947B9C919D614041_bottom.jpg', '40BAAC5ABC7A43D8947B9C919D614041_left.jpg', '40BAAC5ABC7A43D8947B9C919D614041_right.jpg');
INSERT INTO `goods` VALUES ('45E82964C6EB49EF8D334EEBD59CCEE2', '来得及', '28', '何炅领衔讲述青春记忆与生命感悟 众多文艺大咖共同分享青春故事,不是剧本，不是剧照集，是和电影同样，关于青春和梦想的对话。', '2015年7月', '9成新', 'E77B357DCB294F709EF106C51EF6081C', '45E82964C6EB49EF8D334EEBD59CCEE2_top.jpg', '7D3CBCF7050F42A0AF89B15971B706DA', '45E82964C6EB49EF8D334EEBD59CCEE2_bottom.jpg', '45E82964C6EB49EF8D334EEBD59CCEE2_left.jpg', '45E82964C6EB49EF8D334EEBD59CCEE2_right.jpg');
INSERT INTO `goods` VALUES ('56F1C101D2AE450D9D12787176342353', '张信哲专辑', '58', '张信哲专辑经典老歌金曲车载2CD黑胶光碟唱片汽车无损音乐', ' 2016年2月', '4成新', '7A5BB6CEC69D4B1B88F7DC7ACB7BE1F0', '56F1C101D2AE450D9D12787176342353_top.jpg', '18CD26CBBB6C45FC9983BDD71F65DC85', '56F1C101D2AE450D9D12787176342353_bottom.jpg', '56F1C101D2AE450D9D12787176342353_left.jpg', '56F1C101D2AE450D9D12787176342353_right.jpg');
INSERT INTO `goods` VALUES ('5F2DE2B34B6F44A79060F9CBF356EE16', '嫌疑人X的献身', '24', '东野圭吾将骗局写到极致：纯粹的爱情+绝好的诡计', '2014年6月 ', '7成新', 'E77B357DCB294F709EF106C51EF6081C', '5F2DE2B34B6F44A79060F9CBF356EE16_top.jpg', '18CD26CBBB6C45FC9983BDD71F65DC85', '5F2DE2B34B6F44A79060F9CBF356EE16_bottom.jpg', '5F2DE2B34B6F44A79060F9CBF356EE16_left.jpg', '5F2DE2B34B6F44A79060F9CBF356EE16_right.jpg');
INSERT INTO `goods` VALUES ('6C3AC018E6794190B7254033B816764F', '司法讲义', '19', '小李子终于摘得小金人！第88届奥斯卡*男主角莱昂纳多·迪卡普里奥主演影片《荒野猎人》原著小说，荣获奥斯卡*男主角、*导演、*摄影奖，并获奥斯卡十二项提名以及金球奖三项大奖！小说比电影更好看！', '2016年1月', '7成新', 'E77B357DCB294F709EF106C51EF6081C', '6C3AC018E6794190B7254033B816764F_top.jpg', 'CC3D214642044972A9A359057DC419F4', '6C3AC018E6794190B7254033B816764F_bottom.jpg', '6C3AC018E6794190B7254033B816764F_left.jpg', '6C3AC018E6794190B7254033B816764F_right.jpg');
INSERT INTO `goods` VALUES ('6DDBE656E4DF43E1826274ABC81D2BB4', '真爱并非运气，被爱是种实力', '19', '中国首部教你如何提升被爱Level、打败劣质爱情Boss的两性攻略。著名主持人孟非、知名导演陆川、知名演员徐峥联袂推荐！', '2015年7月', '5成新', 'E77B357DCB294F709EF106C51EF6081C', '6DDBE656E4DF43E1826274ABC81D2BB4_top.jpg', '97B14BD6043C4A8A9A3F524E08026875', '6DDBE656E4DF43E1826274ABC81D2BB4_bottom.jpg', '6DDBE656E4DF43E1826274ABC81D2BB4_left.jpg', '6DDBE656E4DF43E1826274ABC81D2BB4_right.jpg');
INSERT INTO `goods` VALUES ('74CFED82DBC04272BBA33A1310A4E4B1', '薛之谦专辑', '68', '薛之谦 意外 2013新专辑 CD+歌词写真册+验证卡', '2014-6-1', '8成新', '7A5BB6CEC69D4B1B88F7DC7ACB7BE1F0', '74CFED82DBC04272BBA33A1310A4E4B1_top.jpg', 'B2763E8024C546029AB940DDEE5750D1', '74CFED82DBC04272BBA33A1310A4E4B1_bottom.jpg', '74CFED82DBC04272BBA33A1310A4E4B1_left.jpg', '74CFED82DBC04272BBA33A1310A4E4B1_right.jpg');
INSERT INTO `goods` VALUES ('82CC369905B14753AB8C04D477422DB5', '如果还能再见你', '29', '当当独家仲尼亲笔签名本！继《谢谢你曾来过我的世界》畅销百万册后，仲尼用真实的笔触写就11座城市，遇见11段纠结彷徨、痛心侧骨的情感故事！ ', '2015年9月 ', '7成新', 'E77B357DCB294F709EF106C51EF6081C', '82CC369905B14753AB8C04D477422DB5_top.jpg', '01F6330486E247F79D2955BAF63D0402', '82CC369905B14753AB8C04D477422DB5_bottom.jpg', '82CC369905B14753AB8C04D477422DB5_left.jpg', '82CC369905B14753AB8C04D477422DB5_right.jpg');
INSERT INTO `goods` VALUES ('8799187786BC45EAA5591D37C6615599', '美丽新世界', '13', '反乌托邦小说三部曲之一，20世纪百大英文小说排名第5；已出版60余种版本，全球销量超过千万', '2013年11月 ', '5成新', 'E77B357DCB294F709EF106C51EF6081C', '8799187786BC45EAA5591D37C6615599_top.jpg', '01F6330486E247F79D2955BAF63D0402', '8799187786BC45EAA5591D37C6615599_bottom.jpg', '8799187786BC45EAA5591D37C6615599_left.jpg', '8799187786BC45EAA5591D37C6615599_right.jpg');
INSERT INTO `goods` VALUES ('9102626021DA422D9768E35A2B72E4DA', '张信哲2015年新专辑', '55', '张信哲2015年新专辑:还爱 CD+歌词写真本 音乐唱片', '2016年1月', '9成新', '7A5BB6CEC69D4B1B88F7DC7ACB7BE1F0', '9102626021DA422D9768E35A2B72E4DA_top.jpg', '18CD26CBBB6C45FC9983BDD71F65DC85', '9102626021DA422D9768E35A2B72E4DA_bottom.jpg', '9102626021DA422D9768E35A2B72E4DA_left.jpg', '9102626021DA422D9768E35A2B72E4DA_right.jpg');
INSERT INTO `goods` VALUES ('939C8483C6234A2DB024DD58CAE69679', '从你的全世界路过', '22', '入选央视“2014中国好书”的80后作品！十年华语畅销小说，王家卫陈国富倾力推荐， 1500万次转发，超4亿次阅读，5个故事正在变成电影，每1分钟，都有人在故事里看到自己。张嘉佳，献给你的心动故事！', '2013年11月 ', '6成新', 'E77B357DCB294F709EF106C51EF6081C', '939C8483C6234A2DB024DD58CAE69679_top.jpg', '01F6330486E247F79D2955BAF63D0402', '939C8483C6234A2DB024DD58CAE69679_bottom.jpg', '939C8483C6234A2DB024DD58CAE69679_left.jpg', '939C8483C6234A2DB024DD58CAE69679_right.jpg');
INSERT INTO `goods` VALUES ('953E37C4F0DA4620BB7D221284A34593', '了不起的盖茨比', '15', '村上春树万字长文导读，唯美译本呈现原著魅力', '2015年7月 ', '6成新', 'E77B357DCB294F709EF106C51EF6081C', '953E37C4F0DA4620BB7D221284A34593_top.jpg', 'ECA7FF703F714239B7EBF786F42A4259', '953E37C4F0DA4620BB7D221284A34593_bottom.jpg', '953E37C4F0DA4620BB7D221284A34593_left.jpg', '953E37C4F0DA4620BB7D221284A34593_right.jpg');
INSERT INTO `goods` VALUES ('9B92F6534F0E4286970A48A653E26FCE', '世界很大，幸好有你 ', '25', '这本书借着中国电视深度高端访谈节目《杨澜访谈录》开播15周年之际，杨澜首度分享了她采访800多个世界各地各界人士所总结出来的“澜”式说话之道，以及她参加三次北京申奥真实的心路感受。', '2016年1月 ', '7成新', 'E77B357DCB294F709EF106C51EF6081C', '9B92F6534F0E4286970A48A653E26FCE_top.jpg', '97B14BD6043C4A8A9A3F524E08026875', '9B92F6534F0E4286970A48A653E26FCE_bottom.jpg', '9B92F6534F0E4286970A48A653E26FCE_left.jpg', '9B92F6534F0E4286970A48A653E26FCE_right.jpg');
INSERT INTO `goods` VALUES ('A54192F674714C8A8ED423B1D379B47F', '乖，摸摸头', '22', '真实的故事自有万钧之力，讲给你听，12个不舍得读完的暖心传奇故事。不要那么孤独，请相信这个世界上真的有人在过着你想要的生活！忽晴忽雨的江湖，祝你有梦为马，随处可栖！', '2014年10月 ', '6成新', 'E77B357DCB294F709EF106C51EF6081C', 'A54192F674714C8A8ED423B1D379B47F_top.jpg', '7D3CBCF7050F42A0AF89B15971B706DA', 'A54192F674714C8A8ED423B1D379B47F_bottom.jpg', 'A54192F674714C8A8ED423B1D379B47F_left.jpg', 'A54192F674714C8A8ED423B1D379B47F_right.jpg');
INSERT INTO `goods` VALUES ('AFFE5215985B47D0BD296DEA784B264F', '成龙：还没长大就老了', '30', '成龙61年来首发新书!你所了解的成龙和你从未了解的成龙，duang给你看！莫言马云姚明张艺谋冯小刚周杰伦王力宏邓超李易峰鹿晗以及四大天王首次联袂推荐！', '2015年4月 ', '6成新', 'E77B357DCB294F709EF106C51EF6081C', 'AFFE5215985B47D0BD296DEA784B264F_top.jpg', 'CBEB126885A44CE4A2E8618B0ECD88AB', 'AFFE5215985B47D0BD296DEA784B264F_bottom.jpg', 'AFFE5215985B47D0BD296DEA784B264F_left.jpg', 'AFFE5215985B47D0BD296DEA784B264F_right.jpg');
INSERT INTO `goods` VALUES ('BD46CB42BCAB4E7C827D4D2FB476E67B', '无声告白', '21', '2014美国年度图书第1名，击败斯蒂芬·金、村上春树、大卫·米切尔等99位大牌作家！“从来没有在美国小说中见过这类故事。”我们终此一生，就是要摆脱他人的期待，找到真正的自己。', '2015年7月 ', '6成新', 'E77B357DCB294F709EF106C51EF6081C', 'BD46CB42BCAB4E7C827D4D2FB476E67B_top.jpg', '7D3CBCF7050F42A0AF89B15971B706DA', 'BD46CB42BCAB4E7C827D4D2FB476E67B_bottom.jpg', 'BD46CB42BCAB4E7C827D4D2FB476E67B_left.jpg', 'BD46CB42BCAB4E7C827D4D2FB476E67B_right.jpg');
INSERT INTO `goods` VALUES ('C0798D40DF08414AAF7A17B2BCCF701D', '星火英语', '26', '新题型听力强化版 超大题量：量变引起质变，17题“练”成学霸 精心汇编《2016新题型改革 听力解读及特训》', '2016年1月 ', '6成新', '1CE0EE58811B44078F33BBA540DAE2B1', 'C0798D40DF08414AAF7A17B2BCCF701D_top.jpg', 'CC3D214642044972A9A359057DC419F4', 'C0798D40DF08414AAF7A17B2BCCF701D_bottom.jpg', 'C0798D40DF08414AAF7A17B2BCCF701D_left.jpg', 'C0798D40DF08414AAF7A17B2BCCF701D_right.jpg');
INSERT INTO `goods` VALUES ('C1B5B5D2DC7A45E48C8EB09617A584BB', '李健', '62', '正版李健2015第六张同名创作新专辑李健CD+明信片书签歌词本, 送5张明信片 5张书签 附歌词册 ', '2016年1月', '8成新', '7A5BB6CEC69D4B1B88F7DC7ACB7BE1F0', 'C1B5B5D2DC7A45E48C8EB09617A584BB_top.jpg', '7D3CBCF7050F42A0AF89B15971B706DA', 'C1B5B5D2DC7A45E48C8EB09617A584BB_bottom.jpg', 'C1B5B5D2DC7A45E48C8EB09617A584BB_left.jpg', 'C1B5B5D2DC7A45E48C8EB09617A584BB_right.jpg');
INSERT INTO `goods` VALUES ('C2E926C5535349B7AC7610E78CB72FB5', '魔兽世界', '17', '魔兽世界 光盘WOW DVD游戏安装盘送暴雪游戏主题鼠标垫', '2015-5-28', '4成新', '7A5BB6CEC69D4B1B88F7DC7ACB7BE1F0', 'C2E926C5535349B7AC7610E78CB72FB5_top.jpg', '97B14BD6043C4A8A9A3F524E08026875', 'C2E926C5535349B7AC7610E78CB72FB5_bottom.jpg', 'C2E926C5535349B7AC7610E78CB72FB5_left.jpg', 'C2E926C5535349B7AC7610E78CB72FB5_right.jpg');
INSERT INTO `goods` VALUES ('CA07FE50868B4012BC279676614904FB', '追风筝的人', '20', '快乐大本营高圆圆感动推荐，奥巴马送给女儿的新年礼物。全球两千万读者口耳相传，*想与友人分享的终身五星小说。为你，千千万万遍！ ', '2013年6月 ', '9成新', 'E77B357DCB294F709EF106C51EF6081C', 'CA07FE50868B4012BC279676614904FB_top.jpg', 'CC3D214642044972A9A359057DC419F4', 'CA07FE50868B4012BC279676614904FB_bottom.jpg', 'CA07FE50868B4012BC279676614904FB_left.jpg', 'CA07FE50868B4012BC279676614904FB_right.jpg');
INSERT INTO `goods` VALUES ('D486D974C4074D07AC9E98FCB009A557', '司法讲义', '23', '小李子终于摘得小金人！第88届奥斯卡*男主角莱昂纳多·迪卡普里奥主演影片《荒野猎人》原著小说，荣获奥斯卡*男主角、*导演、*摄影奖，并获奥斯卡十二项提名以及金球奖三项大奖！小说比电影更好看！', '2016年1月', '9成新', 'E77B357DCB294F709EF106C51EF6081C', 'D486D974C4074D07AC9E98FCB009A557_top.jpg', 'CC3D214642044972A9A359057DC419F4', 'D486D974C4074D07AC9E98FCB009A557_bottom.jpg', 'D486D974C4074D07AC9E98FCB009A557_left.jpg', 'D486D974C4074D07AC9E98FCB009A557_right.jpg');
INSERT INTO `goods` VALUES ('D616D99946034BEEA39C6863674ADF9F', '美女都是狠角色 ', '20', ' 从身边女子的经历里照见自己的影子。这不是一碗疗愈的鸡汤，而是一碗纯正的鸡血，带给每位姑娘满满的正能量！', '2015年4月 ', '5成新', 'E77B357DCB294F709EF106C51EF6081C', 'D616D99946034BEEA39C6863674ADF9F_top.jpg', 'CBEB126885A44CE4A2E8618B0ECD88AB', 'D616D99946034BEEA39C6863674ADF9F_bottom.jpg', 'D616D99946034BEEA39C6863674ADF9F_left.jpg', 'D616D99946034BEEA39C6863674ADF9F_right.jpg');
INSERT INTO `goods` VALUES ('D67F13C0A5044632B7CA1D7EB9B610BB', '徐佳莹专辑', '170', '徐佳莹2012年CD专辑 佳莹第三张个人音乐精品 理想人生', '2012-6-1', '6成新', '7A5BB6CEC69D4B1B88F7DC7ACB7BE1F0', 'D67F13C0A5044632B7CA1D7EB9B610BB_top.jpg', 'B2763E8024C546029AB940DDEE5750D1', 'D67F13C0A5044632B7CA1D7EB9B610BB_bottom.jpg', 'D67F13C0A5044632B7CA1D7EB9B610BB_left.jpg', 'D67F13C0A5044632B7CA1D7EB9B610BB_right.jpg');
INSERT INTO `goods` VALUES ('D816421E891B41C49AF86BAAFACDBA42', '荒野猎人, 23.0', '0', '小李子终于摘得小金人！第88届奥斯卡*男主角莱昂纳多·迪卡普里奥主演影片《荒野猎人》原著小说，荣获奥斯卡*男主角、*导演、*摄影奖，并获奥斯卡十二项提名以及金球奖三项大奖！小说比电影更好看！', '2015-12-10', '9成新', 'E77B357DCB294F709EF106C51EF6081C', 'D816421E891B41C49AF86BAAFACDBA42_top.jpg', 'CC3D214642044972A9A359057DC419F4', 'D816421E891B41C49AF86BAAFACDBA42_bottom.jpg', 'D816421E891B41C49AF86BAAFACDBA42_left.jpg', 'D816421E891B41C49AF86BAAFACDBA42_right.jpg');
INSERT INTO `goods` VALUES ('D963FEFB93324C31B857F470D3BBF851', '蝴蝶梦', '29', '（全球公认20世纪伟大爱情经典，大陆独家合法授权。20世纪百部推理经典；BBC百部英国人挚爱文学，1938年美国国家图书奖，希区柯克电影原著。我错了，我曾以为付出自己就是爱你。)', '2016年1月 ', '7成新', 'E77B357DCB294F709EF106C51EF6081C', 'D963FEFB93324C31B857F470D3BBF851_top.jpg', 'CC3D214642044972A9A359057DC419F4', 'D963FEFB93324C31B857F470D3BBF851_bottom.jpg', 'D963FEFB93324C31B857F470D3BBF851_left.jpg', 'D963FEFB93324C31B857F470D3BBF851_right.jpg');
INSERT INTO `goods` VALUES ('D9F9554424804465898939FE46EC5B4D', '每一个优秀的人，都有一段沉默的时光', '16', '18位豆瓣、人人网人气作者，36个温情故事，感动亿万读者。写给不相信自己，在迷茫和困顿中挣扎不已的年轻人，那些杀不死我们的，只会让我们变得更强大。', '2014年9月 ', '8成新', 'E77B357DCB294F709EF106C51EF6081C', 'D9F9554424804465898939FE46EC5B4D_top.jpg', '83CEB992943A438CA40AE768270F16F3', 'D9F9554424804465898939FE46EC5B4D_bottom.jpg', 'D9F9554424804465898939FE46EC5B4D_left.jpg', 'D9F9554424804465898939FE46EC5B4D_right.jpg');
INSERT INTO `goods` VALUES ('E845B308211E41ADA733E39FF75D5A41', '解忧杂货店 ', '27', '《白夜行》后东野圭备受欢迎作品：不是推理小说，却更扣人心弦', '2014年5月 ', '8成新', 'E77B357DCB294F709EF106C51EF6081C', 'E845B308211E41ADA733E39FF75D5A41_top.jpg', 'CC3D214642044972A9A359057DC419F4', 'E845B308211E41ADA733E39FF75D5A41_bottom.jpg', 'E845B308211E41ADA733E39FF75D5A41_left.jpg', 'E845B308211E41ADA733E39FF75D5A41_right.jpg');
INSERT INTO `goods` VALUES ('EAA8DE49133E4CAE80C2F791F292BAD9', '你可以拥有你想要的生活', '18', '艾小玛暖心励志作品。写给那些“想要去追梦”或者“正在迷茫，不知道怎么办”的家伙。', '2015年6月 ', '5成新', 'E77B357DCB294F709EF106C51EF6081C', 'EAA8DE49133E4CAE80C2F791F292BAD9_top.jpg', '6FBBEE133E95445E84377DBD2AE3521E', 'EAA8DE49133E4CAE80C2F791F292BAD9_bottom.jpg', 'EAA8DE49133E4CAE80C2F791F292BAD9_left.jpg', 'EAA8DE49133E4CAE80C2F791F292BAD9_right.jpg');
INSERT INTO `goods` VALUES ('EB8694F771274D1EB7A9ABD55E49BFC5', '宫崎骏作品集系列动画片', '77', '宫崎骏作品集 正版电影碟片,中日发音字幕 切换选择 ', '2016年3月', '6成新', '7A5BB6CEC69D4B1B88F7DC7ACB7BE1F0', 'EB8694F771274D1EB7A9ABD55E49BFC5_top.jpg', '18CD26CBBB6C45FC9983BDD71F65DC85', 'EB8694F771274D1EB7A9ABD55E49BFC5_bottom.jpg', 'EB8694F771274D1EB7A9ABD55E49BFC5_left.jpg', 'EB8694F771274D1EB7A9ABD55E49BFC5_right.jpg');
INSERT INTO `goods` VALUES ('ED53C659E2E7491CA445C113D78726A7', '放学后 ', '22', '东野圭吾成名作：密室+密码', '2013年9月', '8成新', 'E77B357DCB294F709EF106C51EF6081C', 'ED53C659E2E7491CA445C113D78726A7_top.jpg', 'B2763E8024C546029AB940DDEE5750D1', 'ED53C659E2E7491CA445C113D78726A7_bottom.jpg', 'ED53C659E2E7491CA445C113D78726A7_left.jpg', 'ED53C659E2E7491CA445C113D78726A7_right.jpg');
INSERT INTO `goods` VALUES ('EF5490C04548441280CF36C4D97D9F45', '陪你说一世晚安', '23', '中国NO.1文艺微信、300万粉丝公众号、*有温度的自媒体二更食堂首部原创作品。食堂君主编睡前暖心故事，送给深爱之人的枕边书，每一声晚安都是我爱你。晚安明信片、晚安手册随机赠送！', '2016年1月 ', '8成新', 'E77B357DCB294F709EF106C51EF6081C', 'EF5490C04548441280CF36C4D97D9F45_top.jpg', 'CC3D214642044972A9A359057DC419F4', 'EF5490C04548441280CF36C4D97D9F45_bottom.jpg', 'EF5490C04548441280CF36C4D97D9F45_left.jpg', 'EF5490C04548441280CF36C4D97D9F45_right.jpg');
INSERT INTO `goods` VALUES ('F13EE4B7518546ACA96385649AFD3747', '白说 ', '20', '新闻人白岩松：言语中的心灵之路，与我和我们的未来有关，限量签名本随机发放 ', '2015年9月 ', '6成新', 'E77B357DCB294F709EF106C51EF6081C', 'F13EE4B7518546ACA96385649AFD3747_top.jpg', 'CC3D214642044972A9A359057DC419F4', 'F13EE4B7518546ACA96385649AFD3747_bottom.jpg', 'F13EE4B7518546ACA96385649AFD3747_left.jpg', 'F13EE4B7518546ACA96385649AFD3747_right.jpg');
INSERT INTO `goods` VALUES ('F8819A8072B64140AE952252CA4A36C8', '秋故事', '165', '苏打绿2013专辑 CD 歌词写真本 正版原装正版', '2014-6-12', '9成新', '7A5BB6CEC69D4B1B88F7DC7ACB7BE1F0', 'F8819A8072B64140AE952252CA4A36C8_top.jpg', '7D3CBCF7050F42A0AF89B15971B706DA', 'F8819A8072B64140AE952252CA4A36C8_bottom.jpg', 'F8819A8072B64140AE952252CA4A36C8_left.jpg', 'F8819A8072B64140AE952252CA4A36C8_right.jpg');
INSERT INTO `goods` VALUES ('F96CF34717854700B23A019AD2432B8E', '爱不解释', '80', '原装正版音乐 张杰 爱不解释2013年新专辑CD信封明信片写真卡片海报', '2013年12月', '7成新', '7A5BB6CEC69D4B1B88F7DC7ACB7BE1F0', 'F96CF34717854700B23A019AD2432B8E_top.jpg', 'CBEB126885A44CE4A2E8618B0ECD88AB', 'F96CF34717854700B23A019AD2432B8E_bottom.jpg', 'F96CF34717854700B23A019AD2432B8E_left.jpg', 'F96CF34717854700B23A019AD2432B8E_right.jpg');
INSERT INTO `goods` VALUES ('FCE3B07219C94E71A0D3BF37B5EDD51B', '最遥远的距离 ', '19', '张小娴经典之作——世上最遥远的距离，不是生与死的距离，不是天各一方，而是我就站在你面前，你却不知道我爱你。', '2015年1月 ', '9成新', 'E77B357DCB294F709EF106C51EF6081C', 'FCE3B07219C94E71A0D3BF37B5EDD51B_top.jpg', '83CEB992943A438CA40AE768270F16F3', 'FCE3B07219C94E71A0D3BF37B5EDD51B_bottom.jpg', 'FCE3B07219C94E71A0D3BF37B5EDD51B_left.jpg', 'FCE3B07219C94E71A0D3BF37B5EDD51B_right.jpg');

-- ----------------------------
-- Table structure for m_order
-- ----------------------------
DROP TABLE IF EXISTS `m_order`;
CREATE TABLE `m_order` (
  `orderId` varchar(32) NOT NULL,
  `orderTime` varchar(64) DEFAULT NULL,
  `total` decimal(10,2) unsigned zerofill DEFAULT '00000000.00',
  `status` int(10) DEFAULT NULL,
  `address` varchar(100) DEFAULT NULL,
  `userId` varchar(32) DEFAULT NULL,
  PRIMARY KEY (`orderId`),
  KEY `userId` (`userId`),
  CONSTRAINT `m_order_ibfk_1` FOREIGN KEY (`userId`) REFERENCES `user` (`uid`)
) ENGINE=InnoDB DEFAULT CHARSET=utf8;

-- ----------------------------
-- Records of m_order
-- ----------------------------
INSERT INTO `m_order` VALUES ('09FC6973C7D5480AA4D2CBFFA8030786', '2016-03-21 08:56:03', '00000060.00', '1', '湖南省长沙市中南大学11栋宿舍楼', '420854A825D14C3F93DEB725567A48A1');
INSERT INTO `m_order` VALUES ('1389E83841C44F34A0B265AF3A8C6907', '2016-03-20 06:21:29', '00000104.00', '1', '湖南省长沙市中南大学11栋宿舍楼', 'CC3D214642044972A9A359057DC419F4');
INSERT INTO `m_order` VALUES ('160B7D3C082D444CACC81B0B86B39A1B', '2016-03-19 11:15:24', '00000021.00', '1', '湖南省长沙市中南大学11栋宿舍楼', 'CC3D214642044972A9A359057DC419F4');
INSERT INTO `m_order` VALUES ('203AE97791DA4064A25A4ADC39E818E7', '2016-03-21 08:45:30', '00000120.00', '5', '湖南省长沙市中南大学11栋宿舍楼', '420854A825D14C3F93DEB725567A48A1');
INSERT INTO `m_order` VALUES ('30121EC98AB442C8AE68EC448CCCC60B', '2016-03-20 01:13:26', '00000020.00', '5', '湖南省长沙市中南大学11栋宿舍楼', 'CC3D214642044972A9A359057DC419F4');
INSERT INTO `m_order` VALUES ('30CA910052FC45418D439FC9FD18E4F4', '2016-03-21 08:10:57', '00000023.00', '5', '湖南省长沙市中南大学11栋宿舍楼', '420854A825D14C3F93DEB725567A48A1');
INSERT INTO `m_order` VALUES ('30E48A381A51411BAC0081F4166C9D38', '2016-03-19 11:28:55', '00000020.00', '1', '湖南省长沙市中南大学11栋宿舍楼', 'CC3D214642044972A9A359057DC419F4');
INSERT INTO `m_order` VALUES ('335D5A3CB9314837BFA40D7FC827EBA9', '2016-03-20 03:06:54', '00000020.00', '5', '湖南省长沙市中南大学11栋宿舍楼', 'CC3D214642044972A9A359057DC419F4');
INSERT INTO `m_order` VALUES ('3C4C359B995448F8B27A3A6DA49F39D6', '2016-03-21 21:44:34', '00000020.00', '5', '湖南省长沙市中南大学', '5B5215596F8E4899AB48620749DDFCEC');
INSERT INTO `m_order` VALUES ('3D069A6E221F46378D5BC37F183A13E7', '2016-03-20 01:12:45', '00000020.00', '1', '湖南省长沙市中南大学11栋宿舍楼', 'CC3D214642044972A9A359057DC419F4');
INSERT INTO `m_order` VALUES ('44DBA758320B4E6E843CC55FC0140AFB', '2016-03-20 01:08:50', '00000020.00', '1', '湖南省长沙市中南大学11栋宿舍楼', 'CC3D214642044972A9A359057DC419F4');
INSERT INTO `m_order` VALUES ('4AE1046CE06F4A01BF4117BA8D1073E4', '2016-03-20 00:59:01', '00000020.00', '1', '湖南省长沙市中南大学11栋宿舍楼', 'CC3D214642044972A9A359057DC419F4');
INSERT INTO `m_order` VALUES ('4C31337CB3904EB0B70015E50CEF3274', '2016-03-20 01:10:25', '00000020.00', '1', '湖南省长沙市中南大学11栋宿舍楼', 'CC3D214642044972A9A359057DC419F4');
INSERT INTO `m_order` VALUES ('5D4F141D39774AD8B40E4DFBB90E0494', '2016-03-21 08:49:31', '00000060.00', '3', '湖南省长沙市中南大学11栋宿舍楼', '420854A825D14C3F93DEB725567A48A1');
INSERT INTO `m_order` VALUES ('5F132EE1201C45399FF762D719928FDF', '2016-03-20 01:09:26', '00000020.00', '1', '湖南省长沙市中南大学11栋宿舍楼', 'CC3D214642044972A9A359057DC419F4');
INSERT INTO `m_order` VALUES ('68CA4D494557458D80E41E4FD0042CE3', '2016-03-21 08:46:30', '00000101.00', '4', '湖南省长沙市中南大学11栋宿舍楼', '420854A825D14C3F93DEB725567A48A1');
INSERT INTO `m_order` VALUES ('7A8E60CD55E44C1FAD2C4F0C54F0BBA8', '2016-03-20 01:09:58', '00000020.00', '1', '湖南省长沙市中南大学11栋宿舍楼', 'CC3D214642044972A9A359057DC419F4');
INSERT INTO `m_order` VALUES ('7B1D089C61664F94AD5B0DD7AD95132F', '2016-03-20 01:13:29', '00000020.00', '5', '湖南省长沙市中南大学11栋宿舍楼', 'CC3D214642044972A9A359057DC419F4');
INSERT INTO `m_order` VALUES ('7CDAA25B101D45618E88A43B6BDF4F4A', '2016-03-20 01:07:12', '00000020.00', '1', '湖南省长沙市中南大学11栋宿舍楼', 'CC3D214642044972A9A359057DC419F4');
INSERT INTO `m_order` VALUES ('8002C650BAAF47348927609FDAAD9973', '2016-03-21 08:09:17', '00000040.00', '2', '湖南省长沙市中南大学11栋宿舍楼', '420854A825D14C3F93DEB725567A48A1');
INSERT INTO `m_order` VALUES ('8233C93BAB974A4392D8421D420D21CB', '2016-03-20 01:09:23', '00000020.00', '1', '湖南省长沙市中南大学11栋宿舍楼', 'CC3D214642044972A9A359057DC419F4');
INSERT INTO `m_order` VALUES ('88242E11423841069A22AAC7CAA4E2BA', '2016-03-18 02:26:38', '00000041.00', '4', '湖南省长沙市中南大学11栋宿舍楼', 'CC3D214642044972A9A359057DC419F4');
INSERT INTO `m_order` VALUES ('89F8099E53FD42B98C521F2DC21E8C5E', '2016-03-20 01:11:38', '00000020.00', '1', '湖南省长沙市中南大学11栋宿舍楼', 'CC3D214642044972A9A359057DC419F4');
INSERT INTO `m_order` VALUES ('8B10DF1A408C4D2CB6F8096A24557580', '2016-03-20 03:23:28', '00000020.00', '1', '湖南省长沙市中南大学11栋宿舍楼', 'CC3D214642044972A9A359057DC419F4');
INSERT INTO `m_order` VALUES ('95F9CC92B0AA4E42A123FC224AA36716', '2016-03-20 01:12:32', '00000020.00', '1', '湖南省长沙市中南大学11栋宿舍楼', 'CC3D214642044972A9A359057DC419F4');
INSERT INTO `m_order` VALUES ('9A77DE9539FA44CC87E04ABB780905DB', '2016-03-20 04:43:49', '00000000.00', '1', '湖南省长沙市中南大学11栋宿舍楼', 'ECA7FF703F714239B7EBF786F42A4259');
INSERT INTO `m_order` VALUES ('AB98A61BCE0E4FBFA1FC71B110328F58', '2016-03-20 01:11:16', '00000020.00', '1', '湖南省长沙市中南大学11栋宿舍楼', 'CC3D214642044972A9A359057DC419F4');
INSERT INTO `m_order` VALUES ('B4AB8CFB1DE34F4CAFD07CB72BEED74C', '2016-03-20 01:10:43', '00000020.00', '1', '湖南省长沙市中南大学11栋宿舍楼', 'CC3D214642044972A9A359057DC419F4');
INSERT INTO `m_order` VALUES ('B565F1D1F9DB4415B99631E29854CFED', '2016-03-20 01:04:42', '00000020.00', '1', '湖南省长沙市中南大学11栋宿舍楼', 'CC3D214642044972A9A359057DC419F4');
INSERT INTO `m_order` VALUES ('B696042671FE42CDBDCB481F12946431', '2016-03-20 04:42:54', '00000000.00', '1', '湖南省长沙市中南大学11栋宿舍楼', 'ECA7FF703F714239B7EBF786F42A4259');
INSERT INTO `m_order` VALUES ('B9EC2EEC733A45D3B16740F78F3648C4', '2016-03-20 01:05:23', '00000020.00', '1', '湖南省长沙市中南大学11栋宿舍楼', 'CC3D214642044972A9A359057DC419F4');
INSERT INTO `m_order` VALUES ('BA23D36646424F7AA1C53416040C7F9F', '2016-03-20 01:11:51', '00000020.00', '1', '湖南省长沙市中南大学11栋宿舍楼', 'CC3D214642044972A9A359057DC419F4');
INSERT INTO `m_order` VALUES ('BBA4F10FF205431D9C652E6CE8AED279', '2016-03-20 01:10:59', '00000020.00', '1', '湖南省长沙市中南大学11栋宿舍楼', 'CC3D214642044972A9A359057DC419F4');
INSERT INTO `m_order` VALUES ('C48EDDD04F194F0D9E3871D1E4501E02', '2016-03-21 08:50:15', '00000101.00', '2', '湖南省长沙市中南大学11栋宿舍楼', '420854A825D14C3F93DEB725567A48A1');
INSERT INTO `m_order` VALUES ('C7DBCC1CA68E42328E3011BA0CE960DE', '2016-03-20 04:43:13', '00000000.00', '1', '湖南省长沙市中南大学11栋宿舍楼', 'ECA7FF703F714239B7EBF786F42A4259');
INSERT INTO `m_order` VALUES ('D7575E6A38A34965998BE3AA00FFFC77', '2016-03-20 01:06:38', '00000020.00', '1', '湖南省长沙市中南大学11栋宿舍楼', 'CC3D214642044972A9A359057DC419F4');
INSERT INTO `m_order` VALUES ('DEDA8D9F82B448F5B61F5F6B255BF01E', '2016-03-20 01:13:46', '00000020.00', '1', '湖南省长沙市中南大学11栋宿舍楼', 'CC3D214642044972A9A359057DC419F4');
INSERT INTO `m_order` VALUES ('E1083EC47AD6437DA49E6F6D711D83F4', '2016-03-20 01:09:40', '00000020.00', '1', '湖南省长沙市中南大学11栋宿舍楼', 'CC3D214642044972A9A359057DC419F4');
INSERT INTO `m_order` VALUES ('ECBAA283DE0144D4A60299EF99FA3FD7', '2016-03-19 07:14:18', '00000042.00', '3', '湖南省长沙市中南大学11栋宿舍楼', '7D3CBCF7050F42A0AF89B15971B706DA');

-- ----------------------------
-- Table structure for orderitem
-- ----------------------------
DROP TABLE IF EXISTS `orderitem`;
CREATE TABLE `orderitem` (
  `orderItemId` char(32) NOT NULL,
  `goodsId` char(32) NOT NULL,
  `subtotal` decimal(12,2) DEFAULT NULL,
  `orderId` char(32) DEFAULT NULL,
  `quantity` int(11) DEFAULT NULL,
  `goodsName` varchar(32) DEFAULT NULL,
  `goodsPrice` double(12,0) DEFAULT NULL,
  `pictureTop` varchar(64) DEFAULT NULL,
  `pictureLeft` varchar(64) DEFAULT NULL,
  `pictureRight` varchar(64) DEFAULT NULL,
  `pictureBottom` varchar(64) DEFAULT NULL,
  `status` int(32) DEFAULT NULL,
  PRIMARY KEY (`orderItemId`),
  KEY `goodsId` (`goodsId`),
  KEY `orderId` (`orderId`),
  CONSTRAINT `orderitem_ibfk_1` FOREIGN KEY (`goodsId`) REFERENCES `goods` (`goodsId`),
  CONSTRAINT `orderitem_ibfk_2` FOREIGN KEY (`orderId`) REFERENCES `m_order` (`orderId`)
) ENGINE=InnoDB DEFAULT CHARSET=utf8;

-- ----------------------------
-- Records of orderitem
-- ----------------------------
INSERT INTO `orderitem` VALUES ('03D907856B494D8D92DEB9B99C070305', 'D616D99946034BEEA39C6863674ADF9F', '20.00', '1389E83841C44F34A0B265AF3A8C6907', '1', '美女都是狠角色 ', '20', 'D616D99946034BEEA39C6863674ADF9F_top.jpg', 'D616D99946034BEEA39C6863674ADF9F_left.jpg', 'D616D99946034BEEA39C6863674ADF9F_right.jpg', 'D616D99946034BEEA39C6863674ADF9F_bottom.jpg', '0');
INSERT INTO `orderitem` VALUES ('06F82C19A8B8471C9E47133E202706E9', '13FBF28E608D438286CA35F1B1543FE6', '0.00', 'B696042671FE42CDBDCB481F12946431', '1', '努力，才配有未来', '19', '13FBF28E608D438286CA35F1B1543FE6_top.jpg', '13FBF28E608D438286CA35F1B1543FE6_left.jpg', '13FBF28E608D438286CA35F1B1543FE6_right.jpg', '13FBF28E608D438286CA35F1B1543FE6_bottom.jpg', '0');
INSERT INTO `orderitem` VALUES ('14355B8CF7554539A719F5AA0C2FAFF4', 'D616D99946034BEEA39C6863674ADF9F', '20.00', '7A8E60CD55E44C1FAD2C4F0C54F0BBA8', '1', '美女都是狠角色 ', '20', 'D616D99946034BEEA39C6863674ADF9F_top.jpg', 'D616D99946034BEEA39C6863674ADF9F_left.jpg', 'D616D99946034BEEA39C6863674ADF9F_right.jpg', 'D616D99946034BEEA39C6863674ADF9F_bottom.jpg', '0');
INSERT INTO `orderitem` VALUES ('14598E25BF1C469EBAAEC70EE4420E03', '0AB19F7FF39746B3BCC07B42D7910EBB', '44.00', '09FC6973C7D5480AA4D2CBFFA8030786', '2', '一个人的朝圣 ', '22', '0AB19F7FF39746B3BCC07B42D7910EBB_top.jpg', '0AB19F7FF39746B3BCC07B42D7910EBB_left.jpg', '0AB19F7FF39746B3BCC07B42D7910EBB_right.jpg', '0AB19F7FF39746B3BCC07B42D7910EBB_bottom.jpg', '0');
INSERT INTO `orderitem` VALUES ('170E4536D4FC4498AFC58A688FFCB82A', '0AB19F7FF39746B3BCC07B42D7910EBB', '44.00', 'C48EDDD04F194F0D9E3871D1E4501E02', '2', '一个人的朝圣 ', '22', '0AB19F7FF39746B3BCC07B42D7910EBB_top.jpg', '0AB19F7FF39746B3BCC07B42D7910EBB_left.jpg', '0AB19F7FF39746B3BCC07B42D7910EBB_right.jpg', '0AB19F7FF39746B3BCC07B42D7910EBB_bottom.jpg', '0');
INSERT INTO `orderitem` VALUES ('1DD27FF15B664EF499598B365A58435E', '189D219FFEB04366BC93C4F9F07F8B4C', '23.00', '203AE97791DA4064A25A4ADC39E818E7', '1', '阿弥陀佛么么哒', '23', '189D219FFEB04366BC93C4F9F07F8B4C_top.jpg', '189D219FFEB04366BC93C4F9F07F8B4C_left.jpg', '189D219FFEB04366BC93C4F9F07F8B4C_right.jpg', '189D219FFEB04366BC93C4F9F07F8B4C_bottom.jpg', '0');
INSERT INTO `orderitem` VALUES ('20C086772C934012B718BFCCA0DF727F', 'D616D99946034BEEA39C6863674ADF9F', '20.00', '8233C93BAB974A4392D8421D420D21CB', '1', '美女都是狠角色 ', '20', 'D616D99946034BEEA39C6863674ADF9F_top.jpg', 'D616D99946034BEEA39C6863674ADF9F_left.jpg', 'D616D99946034BEEA39C6863674ADF9F_right.jpg', 'D616D99946034BEEA39C6863674ADF9F_bottom.jpg', '0');
INSERT INTO `orderitem` VALUES ('2AD5E4C6DF96440086483587E9A79BE2', 'D616D99946034BEEA39C6863674ADF9F', '20.00', '7B1D089C61664F94AD5B0DD7AD95132F', '1', '美女都是狠角色 ', '20', 'D616D99946034BEEA39C6863674ADF9F_top.jpg', 'D616D99946034BEEA39C6863674ADF9F_left.jpg', 'D616D99946034BEEA39C6863674ADF9F_right.jpg', 'D616D99946034BEEA39C6863674ADF9F_bottom.jpg', '0');
INSERT INTO `orderitem` VALUES ('2F7D3C10E2BD4830B859E560AE759DE4', 'D616D99946034BEEA39C6863674ADF9F', '20.00', 'B4AB8CFB1DE34F4CAFD07CB72BEED74C', '1', '美女都是狠角色 ', '20', 'D616D99946034BEEA39C6863674ADF9F_top.jpg', 'D616D99946034BEEA39C6863674ADF9F_left.jpg', 'D616D99946034BEEA39C6863674ADF9F_right.jpg', 'D616D99946034BEEA39C6863674ADF9F_bottom.jpg', '0');
INSERT INTO `orderitem` VALUES ('368C46E2299444919BF7BE7C1433D54B', 'D616D99946034BEEA39C6863674ADF9F', '20.00', '7CDAA25B101D45618E88A43B6BDF4F4A', '1', '美女都是狠角色 ', '20', 'D616D99946034BEEA39C6863674ADF9F_top.jpg', 'D616D99946034BEEA39C6863674ADF9F_left.jpg', 'D616D99946034BEEA39C6863674ADF9F_right.jpg', 'D616D99946034BEEA39C6863674ADF9F_bottom.jpg', '0');
INSERT INTO `orderitem` VALUES ('3D7D7830B981452FBC38282352A8AED8', 'D616D99946034BEEA39C6863674ADF9F', '20.00', '4AE1046CE06F4A01BF4117BA8D1073E4', '1', '美女都是狠角色 ', '20', 'D616D99946034BEEA39C6863674ADF9F_top.jpg', 'D616D99946034BEEA39C6863674ADF9F_left.jpg', 'D616D99946034BEEA39C6863674ADF9F_right.jpg', 'D616D99946034BEEA39C6863674ADF9F_bottom.jpg', '0');
INSERT INTO `orderitem` VALUES ('3E8A58FD1FDB45B8B147911E7E237AE4', 'D616D99946034BEEA39C6863674ADF9F', '20.00', 'B9EC2EEC733A45D3B16740F78F3648C4', '1', '美女都是狠角色 ', '20', 'D616D99946034BEEA39C6863674ADF9F_top.jpg', 'D616D99946034BEEA39C6863674ADF9F_left.jpg', 'D616D99946034BEEA39C6863674ADF9F_right.jpg', 'D616D99946034BEEA39C6863674ADF9F_bottom.jpg', '0');
INSERT INTO `orderitem` VALUES ('4716DEB3694D428CB9248755BDF8E0A2', 'D9F9554424804465898939FE46EC5B4D', '16.00', '09FC6973C7D5480AA4D2CBFFA8030786', '1', '每一个优秀的人，都有一段沉默的时光', '16', 'D9F9554424804465898939FE46EC5B4D_top.jpg', 'D9F9554424804465898939FE46EC5B4D_left.jpg', 'D9F9554424804465898939FE46EC5B4D_right.jpg', 'D9F9554424804465898939FE46EC5B4D_bottom.jpg', '0');
INSERT INTO `orderitem` VALUES ('47A6EB248E3B4AD2B6541E0C9C1C09F4', 'D616D99946034BEEA39C6863674ADF9F', '20.00', 'AB98A61BCE0E4FBFA1FC71B110328F58', '1', '美女都是狠角色 ', '20', 'D616D99946034BEEA39C6863674ADF9F_top.jpg', 'D616D99946034BEEA39C6863674ADF9F_left.jpg', 'D616D99946034BEEA39C6863674ADF9F_right.jpg', 'D616D99946034BEEA39C6863674ADF9F_bottom.jpg', '0');
INSERT INTO `orderitem` VALUES ('47F85A26B3E24AC4BCB08AE30A23612E', 'D616D99946034BEEA39C6863674ADF9F', '20.00', 'DEDA8D9F82B448F5B61F5F6B255BF01E', '1', '美女都是狠角色 ', '20', 'D616D99946034BEEA39C6863674ADF9F_top.jpg', 'D616D99946034BEEA39C6863674ADF9F_left.jpg', 'D616D99946034BEEA39C6863674ADF9F_right.jpg', 'D616D99946034BEEA39C6863674ADF9F_bottom.jpg', '0');
INSERT INTO `orderitem` VALUES ('4B97E33B26A947E7BB2919AAA6801481', '3EB228B679B241629FDE2660F33A3A33', '42.00', 'ECBAA283DE0144D4A60299EF99FA3FD7', '2', '岛上书店', '21', '3EB228B679B241629FDE2660F33A3A33_top.jpg', '3EB228B679B241629FDE2660F33A3A33_left.jpg', '3EB228B679B241629FDE2660F33A3A33_right.jpg', '3EB228B679B241629FDE2660F33A3A33_bottom.jpg', '1');
INSERT INTO `orderitem` VALUES ('4FB715A74A5F4F549C2B0252ED50B4A9', '3EB228B679B241629FDE2660F33A3A33', '21.00', '88242E11423841069A22AAC7CAA4E2BA', '1', '岛上书店', '21', '3EB228B679B241629FDE2660F33A3A33_top.jpg', '3EB228B679B241629FDE2660F33A3A33_left.jpg', '3EB228B679B241629FDE2660F33A3A33_right.jpg', '3EB228B679B241629FDE2660F33A3A33_bottom.jpg', '1');
INSERT INTO `orderitem` VALUES ('50ECF179140A4B659F962149754417AE', 'D616D99946034BEEA39C6863674ADF9F', '20.00', 'BA23D36646424F7AA1C53416040C7F9F', '1', '美女都是狠角色 ', '20', 'D616D99946034BEEA39C6863674ADF9F_top.jpg', 'D616D99946034BEEA39C6863674ADF9F_left.jpg', 'D616D99946034BEEA39C6863674ADF9F_right.jpg', 'D616D99946034BEEA39C6863674ADF9F_bottom.jpg', '0');
INSERT INTO `orderitem` VALUES ('54C88AED7EC44926B61B35F0B85B13FB', '3EB228B679B241629FDE2660F33A3A33', '0.00', '9A77DE9539FA44CC87E04ABB780905DB', '1', '岛上书店', '21', '3EB228B679B241629FDE2660F33A3A33_top.jpg', '3EB228B679B241629FDE2660F33A3A33_left.jpg', '3EB228B679B241629FDE2660F33A3A33_right.jpg', '3EB228B679B241629FDE2660F33A3A33_bottom.jpg', '0');
INSERT INTO `orderitem` VALUES ('54DDD79A610443F3B75AE858CC68C9C5', 'D616D99946034BEEA39C6863674ADF9F', '20.00', '4C31337CB3904EB0B70015E50CEF3274', '1', '美女都是狠角色 ', '20', 'D616D99946034BEEA39C6863674ADF9F_top.jpg', 'D616D99946034BEEA39C6863674ADF9F_left.jpg', 'D616D99946034BEEA39C6863674ADF9F_right.jpg', 'D616D99946034BEEA39C6863674ADF9F_bottom.jpg', '0');
INSERT INTO `orderitem` VALUES ('5502B8F281DA485DBFF906E45FCFFA2A', '13FBF28E608D438286CA35F1B1543FE6', '0.00', 'C7DBCC1CA68E42328E3011BA0CE960DE', '1', '努力，才配有未来', '19', '13FBF28E608D438286CA35F1B1543FE6_top.jpg', '13FBF28E608D438286CA35F1B1543FE6_left.jpg', '13FBF28E608D438286CA35F1B1543FE6_right.jpg', '13FBF28E608D438286CA35F1B1543FE6_bottom.jpg', '0');
INSERT INTO `orderitem` VALUES ('5746CD90A3D44BE98CCA659064D17787', 'D616D99946034BEEA39C6863674ADF9F', '20.00', '95F9CC92B0AA4E42A123FC224AA36716', '1', '美女都是狠角色 ', '20', 'D616D99946034BEEA39C6863674ADF9F_top.jpg', 'D616D99946034BEEA39C6863674ADF9F_left.jpg', 'D616D99946034BEEA39C6863674ADF9F_right.jpg', 'D616D99946034BEEA39C6863674ADF9F_bottom.jpg', '0');
INSERT INTO `orderitem` VALUES ('5D44EA768D294A0BAEBD6781E3495F07', '6DDBE656E4DF43E1826274ABC81D2BB4', '57.00', 'C48EDDD04F194F0D9E3871D1E4501E02', '3', '真爱并非运气，被爱是种实力', '19', '6DDBE656E4DF43E1826274ABC81D2BB4_top.jpg', '6DDBE656E4DF43E1826274ABC81D2BB4_left.jpg', '6DDBE656E4DF43E1826274ABC81D2BB4_right.jpg', '6DDBE656E4DF43E1826274ABC81D2BB4_bottom.jpg', '0');
INSERT INTO `orderitem` VALUES ('61958C8DB7B148DD92F96247B6277769', 'D616D99946034BEEA39C6863674ADF9F', '20.00', '3D069A6E221F46378D5BC37F183A13E7', '1', '美女都是狠角色 ', '20', 'D616D99946034BEEA39C6863674ADF9F_top.jpg', 'D616D99946034BEEA39C6863674ADF9F_left.jpg', 'D616D99946034BEEA39C6863674ADF9F_right.jpg', 'D616D99946034BEEA39C6863674ADF9F_bottom.jpg', '0');
INSERT INTO `orderitem` VALUES ('619987EBDFF249039EE40F3010A8A13D', 'D616D99946034BEEA39C6863674ADF9F', '20.00', '30121EC98AB442C8AE68EC448CCCC60B', '1', '美女都是狠角色 ', '20', 'D616D99946034BEEA39C6863674ADF9F_top.jpg', 'D616D99946034BEEA39C6863674ADF9F_left.jpg', 'D616D99946034BEEA39C6863674ADF9F_right.jpg', 'D616D99946034BEEA39C6863674ADF9F_bottom.jpg', '0');
INSERT INTO `orderitem` VALUES ('6887FED17B164E37AA491DFFDF1734B6', '45E82964C6EB49EF8D334EEBD59CCEE2', '0.00', 'C7DBCC1CA68E42328E3011BA0CE960DE', '1', '来得及', '28', '45E82964C6EB49EF8D334EEBD59CCEE2_top.jpg', '45E82964C6EB49EF8D334EEBD59CCEE2_left.jpg', '45E82964C6EB49EF8D334EEBD59CCEE2_right.jpg', '45E82964C6EB49EF8D334EEBD59CCEE2_bottom.jpg', '0');
INSERT INTO `orderitem` VALUES ('72BECB99E01646A1BF7DD6CF16BA5C4E', 'D616D99946034BEEA39C6863674ADF9F', '20.00', 'E1083EC47AD6437DA49E6F6D711D83F4', '1', '美女都是狠角色 ', '20', 'D616D99946034BEEA39C6863674ADF9F_top.jpg', 'D616D99946034BEEA39C6863674ADF9F_left.jpg', 'D616D99946034BEEA39C6863674ADF9F_right.jpg', 'D616D99946034BEEA39C6863674ADF9F_bottom.jpg', '0');
INSERT INTO `orderitem` VALUES ('751D46C4176E45B69FFAB4C0DBF596ED', '40BAAC5ABC7A43D8947B9C919D614041', '20.00', '3C4C359B995448F8B27A3A6DA49F39D6', '1', '人山人海里，你不必记得我', '20', '40BAAC5ABC7A43D8947B9C919D614041_top.jpg', '40BAAC5ABC7A43D8947B9C919D614041_left.jpg', '40BAAC5ABC7A43D8947B9C919D614041_right.jpg', '40BAAC5ABC7A43D8947B9C919D614041_bottom.jpg', '0');
INSERT INTO `orderitem` VALUES ('772A3C3AF69B4D7C966AA84F7BD0FFDF', 'D616D99946034BEEA39C6863674ADF9F', '20.00', '88242E11423841069A22AAC7CAA4E2BA', '1', '美女都是狠角色 ', '20', 'D616D99946034BEEA39C6863674ADF9F_top.jpg', 'D616D99946034BEEA39C6863674ADF9F_left.jpg', 'D616D99946034BEEA39C6863674ADF9F_right.jpg', 'D616D99946034BEEA39C6863674ADF9F_bottom.jpg', '1');
INSERT INTO `orderitem` VALUES ('7C6F64D254F0450390F989FA9D9DCB3A', 'D9F9554424804465898939FE46EC5B4D', '16.00', '5D4F141D39774AD8B40E4DFBB90E0494', '1', '每一个优秀的人，都有一段沉默的时光', '16', 'D9F9554424804465898939FE46EC5B4D_top.jpg', 'D9F9554424804465898939FE46EC5B4D_left.jpg', 'D9F9554424804465898939FE46EC5B4D_right.jpg', 'D9F9554424804465898939FE46EC5B4D_bottom.jpg', '0');
INSERT INTO `orderitem` VALUES ('7FA0A0703E2E46AF98F523EEB5CD56A3', 'D616D99946034BEEA39C6863674ADF9F', '20.00', '30E48A381A51411BAC0081F4166C9D38', '1', '美女都是狠角色 ', '20', 'D616D99946034BEEA39C6863674ADF9F_top.jpg', 'D616D99946034BEEA39C6863674ADF9F_left.jpg', 'D616D99946034BEEA39C6863674ADF9F_right.jpg', 'D616D99946034BEEA39C6863674ADF9F_bottom.jpg', '0');
INSERT INTO `orderitem` VALUES ('8BC99E1E24F74CA8B881108152D6D370', 'D616D99946034BEEA39C6863674ADF9F', '20.00', 'D7575E6A38A34965998BE3AA00FFFC77', '1', '美女都是狠角色 ', '20', 'D616D99946034BEEA39C6863674ADF9F_top.jpg', 'D616D99946034BEEA39C6863674ADF9F_left.jpg', 'D616D99946034BEEA39C6863674ADF9F_right.jpg', 'D616D99946034BEEA39C6863674ADF9F_bottom.jpg', '0');
INSERT INTO `orderitem` VALUES ('8F89092AB4AE45BDBA4CB6CA5EC3B31F', 'D616D99946034BEEA39C6863674ADF9F', '20.00', 'BBA4F10FF205431D9C652E6CE8AED279', '1', '美女都是狠角色 ', '20', 'D616D99946034BEEA39C6863674ADF9F_top.jpg', 'D616D99946034BEEA39C6863674ADF9F_left.jpg', 'D616D99946034BEEA39C6863674ADF9F_right.jpg', 'D616D99946034BEEA39C6863674ADF9F_bottom.jpg', '0');
INSERT INTO `orderitem` VALUES ('99AED8145A084CB79EAF1D4260CB01FC', 'CA07FE50868B4012BC279676614904FB', '40.00', '8002C650BAAF47348927609FDAAD9973', '2', '追风筝的人', '20', 'CA07FE50868B4012BC279676614904FB_top.jpg', 'CA07FE50868B4012BC279676614904FB_left.jpg', 'CA07FE50868B4012BC279676614904FB_right.jpg', 'CA07FE50868B4012BC279676614904FB_bottom.jpg', '1');
INSERT INTO `orderitem` VALUES ('9B24E679EBC64874B327A955DD122F2A', '45E82964C6EB49EF8D334EEBD59CCEE2', '84.00', '1389E83841C44F34A0B265AF3A8C6907', '3', '来得及', '28', '45E82964C6EB49EF8D334EEBD59CCEE2_top.jpg', '45E82964C6EB49EF8D334EEBD59CCEE2_left.jpg', '45E82964C6EB49EF8D334EEBD59CCEE2_right.jpg', '45E82964C6EB49EF8D334EEBD59CCEE2_bottom.jpg', '0');
INSERT INTO `orderitem` VALUES ('9BEAACDC559142F886C64349F105E5AF', '0AB19F7FF39746B3BCC07B42D7910EBB', '44.00', '68CA4D494557458D80E41E4FD0042CE3', '2', '一个人的朝圣 ', '22', '0AB19F7FF39746B3BCC07B42D7910EBB_top.jpg', '0AB19F7FF39746B3BCC07B42D7910EBB_left.jpg', '0AB19F7FF39746B3BCC07B42D7910EBB_right.jpg', '0AB19F7FF39746B3BCC07B42D7910EBB_bottom.jpg', '0');
INSERT INTO `orderitem` VALUES ('9D2BF02C825145B69149BB163FD8B751', '6DDBE656E4DF43E1826274ABC81D2BB4', '57.00', '203AE97791DA4064A25A4ADC39E818E7', '3', '真爱并非运气，被爱是种实力', '19', '6DDBE656E4DF43E1826274ABC81D2BB4_top.jpg', '6DDBE656E4DF43E1826274ABC81D2BB4_left.jpg', '6DDBE656E4DF43E1826274ABC81D2BB4_right.jpg', '6DDBE656E4DF43E1826274ABC81D2BB4_bottom.jpg', '0');
INSERT INTO `orderitem` VALUES ('A44AFC2CCA4241538EACD83057F08830', 'D616D99946034BEEA39C6863674ADF9F', '20.00', '5F132EE1201C45399FF762D719928FDF', '1', '美女都是狠角色 ', '20', 'D616D99946034BEEA39C6863674ADF9F_top.jpg', 'D616D99946034BEEA39C6863674ADF9F_left.jpg', 'D616D99946034BEEA39C6863674ADF9F_right.jpg', 'D616D99946034BEEA39C6863674ADF9F_bottom.jpg', '0');
INSERT INTO `orderitem` VALUES ('A7F96AA717D8491EA51288FD34081A88', 'D616D99946034BEEA39C6863674ADF9F', '20.00', '335D5A3CB9314837BFA40D7FC827EBA9', '1', '美女都是狠角色 ', '20', 'D616D99946034BEEA39C6863674ADF9F_top.jpg', 'D616D99946034BEEA39C6863674ADF9F_left.jpg', 'D616D99946034BEEA39C6863674ADF9F_right.jpg', 'D616D99946034BEEA39C6863674ADF9F_bottom.jpg', '0');
INSERT INTO `orderitem` VALUES ('AABD3A22F25846F484B88CC015201438', '3EB228B679B241629FDE2660F33A3A33', '21.00', '160B7D3C082D444CACC81B0B86B39A1B', '1', '岛上书店', '21', '3EB228B679B241629FDE2660F33A3A33_top.jpg', '3EB228B679B241629FDE2660F33A3A33_left.jpg', '3EB228B679B241629FDE2660F33A3A33_right.jpg', '3EB228B679B241629FDE2660F33A3A33_bottom.jpg', '0');
INSERT INTO `orderitem` VALUES ('AFAB398E14F94920AA99649B85B4871D', '189D219FFEB04366BC93C4F9F07F8B4C', '23.00', '30CA910052FC45418D439FC9FD18E4F4', '1', '阿弥陀佛么么哒', '23', '189D219FFEB04366BC93C4F9F07F8B4C_top.jpg', '189D219FFEB04366BC93C4F9F07F8B4C_left.jpg', '189D219FFEB04366BC93C4F9F07F8B4C_right.jpg', '189D219FFEB04366BC93C4F9F07F8B4C_bottom.jpg', '0');
INSERT INTO `orderitem` VALUES ('AFECF286A5B840739E61247EF4C27FBD', 'D616D99946034BEEA39C6863674ADF9F', '20.00', '89F8099E53FD42B98C521F2DC21E8C5E', '1', '美女都是狠角色 ', '20', 'D616D99946034BEEA39C6863674ADF9F_top.jpg', 'D616D99946034BEEA39C6863674ADF9F_left.jpg', 'D616D99946034BEEA39C6863674ADF9F_right.jpg', 'D616D99946034BEEA39C6863674ADF9F_bottom.jpg', '0');
INSERT INTO `orderitem` VALUES ('B230E58CA8A04C0581CF5F7836A4F7A5', 'D616D99946034BEEA39C6863674ADF9F', '20.00', '44DBA758320B4E6E843CC55FC0140AFB', '1', '美女都是狠角色 ', '20', 'D616D99946034BEEA39C6863674ADF9F_top.jpg', 'D616D99946034BEEA39C6863674ADF9F_left.jpg', 'D616D99946034BEEA39C6863674ADF9F_right.jpg', 'D616D99946034BEEA39C6863674ADF9F_bottom.jpg', '0');
INSERT INTO `orderitem` VALUES ('B78131D721AF44CF8EA8069E9DC40EAE', 'CA07FE50868B4012BC279676614904FB', '40.00', '203AE97791DA4064A25A4ADC39E818E7', '2', '追风筝的人', '20', 'CA07FE50868B4012BC279676614904FB_top.jpg', 'CA07FE50868B4012BC279676614904FB_left.jpg', 'CA07FE50868B4012BC279676614904FB_right.jpg', 'CA07FE50868B4012BC279676614904FB_bottom.jpg', '1');
INSERT INTO `orderitem` VALUES ('BCA764FBF4984764865BC6D943C68C5D', 'D616D99946034BEEA39C6863674ADF9F', '20.00', '8B10DF1A408C4D2CB6F8096A24557580', '1', '美女都是狠角色 ', '20', 'D616D99946034BEEA39C6863674ADF9F_top.jpg', 'D616D99946034BEEA39C6863674ADF9F_left.jpg', 'D616D99946034BEEA39C6863674ADF9F_right.jpg', 'D616D99946034BEEA39C6863674ADF9F_bottom.jpg', '0');
INSERT INTO `orderitem` VALUES ('C9C4DFC53D484D00A1E1F17340822655', '0AB19F7FF39746B3BCC07B42D7910EBB', '44.00', '5D4F141D39774AD8B40E4DFBB90E0494', '2', '一个人的朝圣 ', '22', '0AB19F7FF39746B3BCC07B42D7910EBB_top.jpg', '0AB19F7FF39746B3BCC07B42D7910EBB_left.jpg', '0AB19F7FF39746B3BCC07B42D7910EBB_right.jpg', '0AB19F7FF39746B3BCC07B42D7910EBB_bottom.jpg', '0');
INSERT INTO `orderitem` VALUES ('E490D26A48164858AE9331ECA4E4E046', '6DDBE656E4DF43E1826274ABC81D2BB4', '57.00', '68CA4D494557458D80E41E4FD0042CE3', '3', '真爱并非运气，被爱是种实力', '19', '6DDBE656E4DF43E1826274ABC81D2BB4_top.jpg', '6DDBE656E4DF43E1826274ABC81D2BB4_left.jpg', '6DDBE656E4DF43E1826274ABC81D2BB4_right.jpg', '6DDBE656E4DF43E1826274ABC81D2BB4_bottom.jpg', '0');
INSERT INTO `orderitem` VALUES ('E776C08BE42A40BA869F9BF1C4456363', '45E82964C6EB49EF8D334EEBD59CCEE2', '0.00', '9A77DE9539FA44CC87E04ABB780905DB', '1', '来得及', '28', '45E82964C6EB49EF8D334EEBD59CCEE2_top.jpg', '45E82964C6EB49EF8D334EEBD59CCEE2_left.jpg', '45E82964C6EB49EF8D334EEBD59CCEE2_right.jpg', '45E82964C6EB49EF8D334EEBD59CCEE2_bottom.jpg', '0');
INSERT INTO `orderitem` VALUES ('EC3A5E87F9454B3EB2EBA6C010D7B518', 'D616D99946034BEEA39C6863674ADF9F', '20.00', 'B565F1D1F9DB4415B99631E29854CFED', '1', '美女都是狠角色 ', '20', 'D616D99946034BEEA39C6863674ADF9F_top.jpg', 'D616D99946034BEEA39C6863674ADF9F_left.jpg', 'D616D99946034BEEA39C6863674ADF9F_right.jpg', 'D616D99946034BEEA39C6863674ADF9F_bottom.jpg', '0');
INSERT INTO `orderitem` VALUES ('EDEA569159E241738F17DB4898D64478', '13FBF28E608D438286CA35F1B1543FE6', '0.00', '9A77DE9539FA44CC87E04ABB780905DB', '1', '努力，才配有未来', '19', '13FBF28E608D438286CA35F1B1543FE6_top.jpg', '13FBF28E608D438286CA35F1B1543FE6_left.jpg', '13FBF28E608D438286CA35F1B1543FE6_right.jpg', '13FBF28E608D438286CA35F1B1543FE6_bottom.jpg', '0');

-- ----------------------------
-- Table structure for user
-- ----------------------------
DROP TABLE IF EXISTS `user`;
CREATE TABLE `user` (
  `uid` varchar(32) NOT NULL,
  `userName` varchar(255) NOT NULL,
  `password` varchar(255) NOT NULL,
  `email` varchar(255) NOT NULL,
  `status` int(10) unsigned zerofill NOT NULL,
  `authority` int(11) DEFAULT NULL,
  `activationCode` varchar(64) NOT NULL,
  `applyStatus` int(4) unsigned zerofill NOT NULL,
  PRIMARY KEY (`uid`)
) ENGINE=InnoDB DEFAULT CHARSET=utf8;

-- ----------------------------
-- Records of user
-- ----------------------------
INSERT INTO `user` VALUES ('01F6330486E247F79D2955BAF63D0402', 'oppo', '12345678', '18789003255@163.com', '0000000001', '0', 'F0228AADC35045BB830A4A60AAF8AACAA0865EB41931460F8D2C49FAAA0EA387', '0003');
INSERT INTO `user` VALUES ('0ADD3DB855984576BB1A96500443CC5F', 'zhangSan', '12345678', '544704696@qq.com', '0000000001', '0', '54D82D899B114FA48E2C03A5E3CD19AC4DE615EBC54E4539A90473BF3A64FECB', '0000');
INSERT INTO `user` VALUES ('18CD26CBBB6C45FC9983BDD71F65DC85', 'lisi', '12345678', '15789003255@163.com', '0000000001', '0', 'D36990AB314249B4A88D085AF30FCD0BB03004BA52C34462877DCE70E805AB59', '0002');
INSERT INTO `user` VALUES ('420854A825D14C3F93DEB725567A48A1', 'hello', '12345678', '544704696@qq.com', '0000000001', '0', '463F35E191314DF1BDDF2C72580B8865EEB6F82113E44AFB93974B47EF10C58E', '0003');
INSERT INTO `user` VALUES ('5B5215596F8E4899AB48620749DDFCEC', 'jun2', '11111111', 'whjsmxma@163.com', '0000000001', '0', '68749950A0CC4AA5BB9CAC8340355B847C7816E0B0F04C43A8896A291AFE7B7D', '0000');
INSERT INTO `user` VALUES ('6FBBEE133E95445E84377DBD2AE3521E', 'iphone', '12345678', '19789003255@163.com', '0000000001', '0', '4F3A95E3B6E246FC804F84D64CA1CBE3ECFF6E1EC880438D840FD90CE272AB0D', '0002');
INSERT INTO `user` VALUES ('7D3CBCF7050F42A0AF89B15971B706DA', 'tang', '12345678', '12789003255@163.com', '0000000001', '0', 'D7F949CA9F7D4C4A98A396912E3B2BCF90FFF167A6B143D2B340293C58B57370', '0002');
INSERT INTO `user` VALUES ('83CEB992943A438CA40AE768270F16F3', 'note', '12345678', '13789003255@163.com', '0000000001', '0', '47AB0C2BF50448C5A1F695FED6D60C38D27AC35A4F1C4B12A9486C9BD79BDB41', '0002');
INSERT INTO `user` VALUES ('97B14BD6043C4A8A9A3F524E08026875', 'yuan ', '12345678', '13689003255@163.com', '0000000001', '0', '895C525D1B814B2898F629B160460034CD3F537AABE34324931122E6ADF85976', '0002');
INSERT INTO `user` VALUES ('B2763E8024C546029AB940DDEE5750D1', 'loho', '12345678', '16789003255@163.com', '0000000001', '0', 'F7B13A520F744F16967A15FD7E195805E94167342C12499EB2A2C04558389E41', '0002');
INSERT INTO `user` VALUES ('CBEB126885A44CE4A2E8618B0ECD88AB', 'meng', '12345678', '14789003255@163.com', '0000000001', '0', 'D15BCF68D09649C29905452772CEDCEE8E1CA26725544CAE8C51E697C3FDD173', '0002');
INSERT INTO `user` VALUES ('CC3D214642044972A9A359057DC419F4', '王俊俊', '12345678', '11789003255@163.com', '0000000001', '0', '0EE87B1514014738BDB39BE8F3C6F221C035A007349F4E7C9855CEB618CA12B3', '0002');
INSERT INTO `user` VALUES ('ECA7FF703F714239B7EBF786F42A4259', 'xiaomi', '12345678', '17789003255@163.com', '0000000001', '0', 'FEB5E4EDCAB54EC68EE439EA658E82A5E0FA5EC2D6A1407195FC78F3C1C77808', '0002');

-- ----------------------------
-- Table structure for userinfo
-- ----------------------------
DROP TABLE IF EXISTS `userinfo`;
CREATE TABLE `userinfo` (
  `userInfoId` char(32) NOT NULL,
  `userId` varchar(32) NOT NULL,
  `nickName` varchar(255) DEFAULT NULL,
  `realName` varchar(255) DEFAULT NULL,
  `gender` varchar(255) DEFAULT NULL,
  `birthday` varchar(255) DEFAULT NULL,
  `address` varchar(255) DEFAULT NULL,
  `photoAddress` varchar(255) DEFAULT NULL,
  `idetityCart` varchar(255) DEFAULT NULL,
  `studentCart` varchar(255) DEFAULT NULL,
  PRIMARY KEY (`userInfoId`),
  KEY `userId` (`userId`),
  CONSTRAINT `userinfo_ibfk_1` FOREIGN KEY (`userId`) REFERENCES `user` (`uid`)
) ENGINE=InnoDB DEFAULT CHARSET=utf8;

-- ----------------------------
-- Records of userinfo
-- ----------------------------
INSERT INTO `userinfo` VALUES ('25DECC429E7C47C3BE29C35E49F7CB11', '01F6330486E247F79D2955BAF63D0402', '不哭不闹不炫耀', '黄致列', '男', '2014-12-1', '中南大学铁道学院', '01F6330486E247F79D2955BAF63D0402.jpg', '421021199412243579', '154712099');
INSERT INTO `userinfo` VALUES ('33922CC0F8324107A8E09377C9FF6C16', '0ADD3DB855984576BB1A96500443CC5F', null, null, null, null, null, null, null, null);
INSERT INTO `userinfo` VALUES ('3AB6FA80287E408DA508A9AAD2412CEF', 'B2763E8024C546029AB940DDEE5750D1', '神经兮兮', '胡建军', '男', '2014-12-1', '中南大学校本部', 'B2763E8024C546029AB940DDEE5750D1.jpg', '421021199407175678', '154712067');
INSERT INTO `userinfo` VALUES ('4713B3B92340438EAE694F74DA0516DF', '6FBBEE133E95445E84377DBD2AE3521E', '南街北巷', '唐梦媛', '女', '2015-12-3', '中南大学铁道学院', '6FBBEE133E95445E84377DBD2AE3521E.jpg', '421021199508081234', '154712059');
INSERT INTO `userinfo` VALUES ('6B2AE76053294BFFA6725BB1360699AD', 'CBEB126885A44CE4A2E8618B0ECD88AB', '路还长，别太狂', '王欢', '男', '2014-12-1', '中南大学校本部', 'CBEB126885A44CE4A2E8618B0ECD88AB.jpg', '421021199512125678', '154712063');
INSERT INTO `userinfo` VALUES ('6E60565C5E074B8F8E3B8C018E22C9C4', 'CC3D214642044972A9A359057DC419F4', '草泥马', '王俊', '男', '2014-9-1', '中南大学铁道学院', 'CC3D214642044972A9A359057DC419F4.jpg', '430421199205117216', '154712063');
INSERT INTO `userinfo` VALUES ('7421D7BDD4C24B0D8DD4FF80E71DE3EC', '83CEB992943A438CA40AE768270F16F3', '拥暖如初', '陈嘉苗', '女', '2015-12-1', '中南大学铁道学院', '83CEB992943A438CA40AE768270F16F3.jpg', '421021199601014321', '154712053');
INSERT INTO `userinfo` VALUES ('7FC94EBF1B304DD394F63B5C4EA99CD9', '18CD26CBBB6C45FC9983BDD71F65DC85', '幼儿园杠把子', '王俊俊', '男', '2014-10-1', '中南大学铁道学院', '18CD26CBBB6C45FC9983BDD71F65DC85.jpg', '421021199509091234', '154712098');
INSERT INTO `userinfo` VALUES ('92766E98F05D4133BEAB20F9314CE809', '5B5215596F8E4899AB48620749DDFCEC', null, null, null, null, null, null, null, null);
INSERT INTO `userinfo` VALUES ('A8F36E42C2FE468FABCB29BF0A1FA775', '97B14BD6043C4A8A9A3F524E08026875', '一身傲骨', '李克勤', '男', '2014-12-1', '中南大学校本部', '97B14BD6043C4A8A9A3F524E08026875.jpg', '421021199305059876', '154712051');
INSERT INTO `userinfo` VALUES ('AD2EB626DECE4B5080F5192F4D0A8FEE', 'ECA7FF703F714239B7EBF786F42A4259', '故初', '徐佳莹', '女', '2014-12-1', '中南大学湘雅医学院', 'ECA7FF703F714239B7EBF786F42A4259.jpg', '421021199405012468', '154712053');
INSERT INTO `userinfo` VALUES ('B88F2E41D07646CBBF42D8156763C619', '420854A825D14C3F93DEB725567A48A1', '好屌的样子', '叼', '男', '2014-12-1', '中南大学铁道学院', '420854A825D14C3F93DEB725567A48A1.jpg', '421021199305059876', '154712056');
INSERT INTO `userinfo` VALUES ('DF3BF13A614F43E6946D6A394768A996', '7D3CBCF7050F42A0AF89B15971B706DA', '可念不可说', '武红杰', '女', '2014-12-1', '中南大学铁道学院', '7D3CBCF7050F42A0AF89B15971B706DA.jpg', '421021199408094321', '154712056');
